"iv_malla_modi_id","longitude","latitude","pop"
144160,-3.25737178325903,37.1922448399805,1
144161,-3.25475654424947,37.1922448399805,1
144836,-3.26512741195838,37.1901615098693,1
144837,-3.26251224510404,37.1901615098693,1
144838,-3.2598970782497,37.1901615098693,1
144839,-3.25728191139536,37.1901615098693,1
144840,-3.25466674454102,37.1901615098693,1
144841,-3.25205157768669,37.1901615098693,1
144842,-3.24943641083235,37.1901615098693,1
144843,-3.24682124397801,37.1901615098693,1
145515,-3.26503733291666,37.1880781797581,1
145516,-3.26242223821011,37.1880781797581,1
145517,-3.25980714350357,37.1880781797581,1
145518,-3.25719204879702,37.1880781797581,1
145519,-3.25457695409047,37.1880781797581,1
145520,-3.25196185938392,37.1880781797581,1
145521,-3.24934676467737,37.1880781797581,1
145522,-3.24673166997082,37.1880781797581,1
145523,-3.24411657526427,37.1880781797581,1
146192,-3.27017730829398,37.1859948496469,1
146193,-3.26756228572778,37.1859948496469,1
146194,-3.26494726316159,37.1859948496469,1
146195,-3.26233224059539,37.1859948496469,1
146196,-3.25971721802919,37.1859948496469,1
146197,-3.25710219546299,37.1859948496469,1
146198,-3.2544871728968,37.1859948496469,1
146199,-3.2518721503306,37.1859948496469,1
146200,-3.2492571277644,37.1859948496469,1
146201,-3.2466421051982,37.1859948496469,1
146202,-3.24402708263201,37.1859948496469,1
146203,-3.24141206006581,37.1859948496469,1
146870,-3.27270205399199,37.1839115195357,1
146871,-3.27008710355871,37.1839115195357,1
146872,-3.26747215312542,37.1839115195357,1
146873,-3.26485720269214,37.1839115195357,1
146874,-3.26224225225886,37.1839115195357,1
146875,-3.25962730182557,37.1839115195357,1
146876,-3.25701235139229,37.1839115195357,1
146877,-3.25439740095901,37.1839115195357,1
146878,-3.25178245052572,37.1839115195357,1
146879,-3.24916750009244,37.1839115195357,1
146880,-3.24655254965915,37.1839115195357,1
146881,-3.24393759922587,37.1839115195357,1
146882,-3.24132264879259,37.1839115195357,1
147548,-3.27522666473854,37.1818281894245,1
147549,-3.27261178643073,37.1818281894245,1
147550,-3.26999690812293,37.1818281894245,1
147551,-3.26738202981512,37.1818281894245,1
147552,-3.26476715150732,37.1818281894245,1
147553,-3.26215227319951,37.1818281894245,1
147554,-3.2595373948917,37.1818281894245,1
147555,-3.2569225165839,37.1818281894245,1
147556,-3.25430763827609,37.1818281894245,1
147557,-3.25169275996829,37.1818281894245,1
147558,-3.24907788166048,37.1818281894245,1
147559,-3.24646300335267,37.1818281894245,1
147560,-3.24384812504487,37.1818281894245,1
147561,-3.24123324673706,37.1818281894245,1
148227,-3.27513633436517,37.1797448593133,1
148228,-3.2725215281754,37.1797448593133,1
148229,-3.26990672198564,37.1797448593133,1
148230,-3.26729191579587,37.1797448593133,1
148231,-3.26467710960611,37.1797448593133,1
148232,-3.26206230341635,37.1797448593133,1
148233,-3.25944749722658,37.1797448593133,1
148234,-3.25683269103682,37.1797448593133,1
148235,-3.25421788484705,37.1797448593133,1
148236,-3.25160307865729,37.1797448593133,1
148237,-3.24898827246753,37.1797448593133,1
148238,-3.24637346627776,37.1797448593133,1
148239,-3.243758660088,37.1797448593133,1
148907,-3.27243127922498,37.177661529202,1
148908,-3.26981654514583,37.177661529202,1
148909,-3.26720181106667,37.177661529202,1
148910,-3.26458707698751,37.177661529202,1
148911,-3.26197234290836,37.177661529202,1
148912,-3.2593576088292,37.177661529202,1
148913,-3.25674287475004,37.177661529202,1
148914,-3.25412814067089,37.177661529202,1
148915,-3.25151340659173,37.177661529202,1
148916,-3.24889867251257,37.177661529202,1
148917,-3.24628393843342,37.177661529202,1
148918,-3.24366920435426,37.177661529202,1
149586,-3.27234103957847,37.1755781990908,1
149587,-3.26972637760249,37.1755781990908,1
149588,-3.26711171562651,37.1755781990908,1
149589,-3.26449705365052,37.1755781990908,1
149590,-3.26188239167454,37.1755781990908,1
149591,-3.25926772969856,37.1755781990908,1
149592,-3.25665306772257,37.1755781990908,1
149593,-3.25403840574659,37.1755781990908,1
149594,-3.2514237437706,37.1755781990908,1
149596,-3.24619441981864,37.1755781990908,1
149597,-3.24357975784265,37.1755781990908,1
149598,-3.24096509586667,37.1755781990908,1
150264,-3.27486539911511,37.1734948689796,1
150265,-3.27225080923486,37.1734948689796,1
150266,-3.26963621935462,37.1734948689796,1
150267,-3.26702162947438,37.1734948689796,1
150268,-3.26440703959413,37.1734948689796,1
150269,-3.26179244971389,37.1734948689796,1
150270,-3.25917785983364,37.1734948689796,1
150271,-3.2565632699534,37.1734948689796,1
150272,-3.25394868007316,37.1734948689796,1
150276,-3.24349032055218,37.1734948689796,1
150277,-3.24087573067194,37.1734948689796,1
150943,-3.27477510598508,37.1714115388684,1
150944,-3.27216058819314,37.1714115388684,1
150945,-3.2695460704012,37.1714115388684,1
150946,-3.26693155260927,37.1714115388684,1
150947,-3.26431703481733,37.1714115388684,1
150948,-3.2617025170254,37.1714115388684,1
150949,-3.25908799923346,37.1714115388684,1
150950,-3.25647348144152,37.1714115388684,1
150951,-3.25385896364959,37.1714115388684,1
151625,-3.26684148503018,37.1693282087572,1
151627,-3.26161259360806,37.1693282087572,1
151628,-3.258998147897,37.1693282087572,1
151629,-3.25638370218594,37.1693282087572,1
151630,-3.25376925647488,37.1693282087572,1
151631,-3.25115481076382,37.1693282087572,1
152305,-3.26413705309849,37.167244878646,1
152306,-3.26152267946088,37.167244878646,1
152307,-3.25890830582326,37.167244878646,1
152308,-3.25629393218565,37.167244878646,1
152309,-3.25367955854803,37.167244878646,1
152310,-3.25106518491042,37.167244878646,1
152311,-3.2484508112728,37.167244878646,1
152983,-3.26666137772604,37.1651615485348,1
152984,-3.26404707615444,37.1651615485348,1
152985,-3.26143277458284,37.1651615485348,1
152986,-3.25881847301124,37.1651615485348,1
152987,-3.25620417143964,37.1651615485348,1
152988,-3.25358986986804,37.1651615485348,1
152989,-3.25097556829644,37.1651615485348,1
152990,-3.24836126672484,37.1651615485348,1
152991,-3.24574696515324,37.1651615485348,1
153662,-3.26657133799897,37.1630782184236,1
153663,-3.26395710848596,37.1630782184236,1
153664,-3.26134287897295,37.1630782184236,1
153665,-3.25872864945993,37.1630782184236,1
153666,-3.25611441994692,37.1630782184236,1
153667,-3.2535001904339,37.1630782184236,1
153668,-3.25088596092089,37.1630782184236,1
153669,-3.24827173140788,37.1630782184236,1
154342,-3.26386715009205,37.1609948883124,1
154343,-3.26125299263019,37.1609948883124,1
154344,-3.25863883516834,37.1609948883124,1
154345,-3.25602467770648,37.1609948883124,1
154346,-3.25341052024462,37.1609948883124,1
163120,-3.39074638664853,37.1339115968667,2
163121,-3.38813316517611,37.1339115968667,2
163122,-3.38551994370369,37.1339115968667,2
163123,-3.38290672223127,37.1339115968667,2
163124,-3.38029350075885,37.1339115968667,2
163125,-3.37768027928643,37.1339115968667,2
163799,-3.39065303257813,37.1318282667555,2
163800,-3.38803988305296,37.1318282667555,2
163801,-3.38542673352778,37.1318282667555,2
163802,-3.38281358400261,37.1318282667555,2
163803,-3.38020043447743,37.1318282667555,2
163804,-3.37758728495225,37.1318282667555,2
163805,-3.37497413542708,37.1318282667555,2
163806,-3.3723609859019,37.1318282667555,2
164478,-3.39055968813065,37.1297449366443,2
164479,-3.3879466105453,37.1297449366443,2
164480,-3.38533353295996,37.1297449366443,2
164481,-3.38272045537461,37.1297449366443,2
164482,-3.38010737778926,37.1297449366443,2
164483,-3.37749430020391,37.1297449366443,2
164484,-3.37488122261857,37.1297449366443,2
164485,-3.37226814503322,37.1297449366443,2
164486,-3.36965506744787,37.1297449366443,2
164487,-3.36704198986252,37.1297449366443,2
164488,-3.36442891227718,37.1297449366443,2
164489,-3.36181583469183,37.1297449366443,2
164490,-3.35920275710648,37.1297449366443,2
164491,-3.35658967952113,37.1297449366443,2
165158,-3.3878533476521,37.1276616065331,2
165159,-3.38524034199917,37.1276616065331,2
165160,-3.38262733634623,37.1276616065331,2
165161,-3.3800143306933,37.1276616065331,2
165162,-3.37740132504037,37.1276616065331,2
165163,-3.37478831938743,37.1276616065331,2
165164,-3.3721753137345,37.1276616065331,2
165165,-3.36956230808156,37.1276616065331,2
165166,-3.36694930242863,37.1276616065331,2
165167,-3.3643362967757,37.1276616065331,2
165168,-3.36172329112276,37.1276616065331,2
165169,-3.35911028546983,37.1276616065331,2
165170,-3.35649727981689,37.1276616065331,2
165171,-3.35388427416396,37.1276616065331,2
165172,-3.35127126851103,37.1276616065331,2
165838,-3.38514716064438,37.1255782764219,2
165839,-3.38253422691645,37.1255782764219,2
165840,-3.37992129318851,37.1255782764219,2
165841,-3.37730835946058,37.1255782764219,2
165842,-3.37469542573264,37.1255782764219,2
165843,-3.37208249200471,37.1255782764219,2
165844,-3.36946955827677,37.1255782764219,2
165845,-3.36685662454884,37.1255782764219,2
165846,-3.3642436908209,37.1255782764219,2
165847,-3.36163075709296,37.1255782764219,2
165848,-3.35901782336503,37.1255782764219,2
165849,-3.35640488963709,37.1255782764219,2
165850,-3.35379195590916,37.1255782764219,2
165851,-3.35117902218122,37.1255782764219,2
166521,-3.37460254165316,37.1234949463107,2
166522,-3.3719896798428,37.1234949463107,2
166523,-3.36937681803245,37.1234949463107,2
166524,-3.3667639562221,37.1234949463107,2
166525,-3.36415109441175,37.1234949463107,2
166526,-3.3615382326014,37.1234949463107,2
166527,-3.35892537079105,37.1234949463107,2
166528,-3.3563125089807,37.1234949463107,2
166529,-3.35369964717035,37.1234949463107,2
166530,-3.35108678536,37.1234949463107,2
166531,-3.34847392354965,37.1234949463107,2
167202,-3.36928408734758,37.1214116161995,2
167203,-3.3666712974474,37.1214116161995,2
167204,-3.36405850754722,37.1214116161995,2
167205,-3.36144571764704,37.1214116161995,2
167206,-3.35883292774686,37.1214116161995,2
167207,-3.35622013784668,37.1214116161995,2
167208,-3.35360734794651,37.1214116161995,2
167209,-3.35099455804633,37.1214116161995,2
167210,-3.34838176814615,37.1214116161995,2
167211,-3.34576897824597,37.1214116161995,2
167882,-3.3665786482237,37.1193282860883,2
167883,-3.36396593022628,37.1193282860883,2
167884,-3.36135321222886,37.1193282860883,2
167885,-3.35874049423144,37.1193282860883,2
167886,-3.35612777623402,37.1193282860883,2
167887,-3.3535150582366,37.1193282860883,2
167888,-3.35090234023918,37.1193282860883,2
167889,-3.34828962224176,37.1193282860883,2
167890,-3.34567690424434,37.1193282860883,2
168562,-3.36387336244788,37.1172449559771,2
168563,-3.36126071634581,37.1172449559771,2
168564,-3.35864807024374,37.1172449559771,2
168565,-3.35603542414167,37.1172449559771,2
168566,-3.35342277803959,37.1172449559771,2
168567,-3.35081013193752,37.1172449559771,2
168568,-3.34819748583545,37.1172449559771,2
168569,-3.34558483973338,37.1172449559771,2
169245,-3.35333050735447,37.1151616258659,2
169246,-3.35071793314033,37.1151616258659,2
169247,-3.3481053589262,37.1151616258659,2
169248,-3.34549278471206,37.1151616258659,2
169249,-3.34288021049793,37.1151616258659,2
169924,-3.35323824618019,37.1130782957547,2
169925,-3.35062574384658,37.1130782957547,2
169926,-3.34801324151297,37.1130782957547,2
169927,-3.34540073917936,37.1130782957547,2
169928,-3.34278823684576,37.1130782957547,2
170573,-3.43151890833041,37.1109949656435,3
170603,-3.35314599451572,37.1109949656435,2
170604,-3.35053356405523,37.1109949656435,2
170605,-3.34792113359475,37.1109949656435,2
170606,-3.34530870313426,37.1109949656435,2
170607,-3.34269627267377,37.1109949656435,2
171251,-3.43403686879822,37.1089116355323,3
171252,-3.43142451020344,37.1089116355323,3
171253,-3.42881215160866,37.1089116355323,3
171282,-3.35305375236005,37.1089116355323,2
171283,-3.35044139376527,37.1089116355323,2
171284,-3.34782903517049,37.1089116355323,2
171285,-3.34521667657571,37.1089116355323,2
171286,-3.34260431798093,37.1089116355323,2
171929,-3.43655469527941,37.1068283054211,3
171930,-3.43394240854293,37.1068283054211,3
171931,-3.43133012180646,37.1068283054211,3
171932,-3.42871783506998,37.1068283054211,3
171961,-3.35296151971214,37.1068283054211,2
171962,-3.35034923297566,37.1068283054211,2
171963,-3.34773694623919,37.1068283054211,2
171964,-3.34512465950271,37.1068283054211,2
172607,-3.43907238779515,37.1047449753099,3
172608,-3.43646017290957,37.1047449753099,3
172609,-3.43384795802399,37.1047449753099,3
172610,-3.4312357431384,37.1047449753099,3
172641,-3.35025708168538,37.1047449753099,2
172642,-3.3476448667998,37.1047449753099,2
172643,-3.34503265191422,37.1047449753099,2
173284,-3.44420208940869,37.1026616451987,3
173285,-3.4415899463666,37.1026616451987,3
173286,-3.43897780332451,37.1026616451987,3
173287,-3.43636566028242,37.1026616451987,3
173288,-3.43375351724032,37.1026616451987,3
173292,-3.42330494507196,37.1026616451987,3
173293,-3.42069280202987,37.1026616451987,3
173294,-3.41808065898777,37.1026616451987,3
173963,-3.44410737101492,37.1005783150875,3
173964,-3.44149529980892,37.1005783150875,3
173965,-3.43888322860291,37.1005783150875,3
173966,-3.4362711573969,37.1005783150875,3
173967,-3.4336590861909,37.1005783150875,3
173968,-3.43104701498489,37.1005783150875,3
173969,-3.42843494377888,37.1005783150875,3
173970,-3.42582287257288,37.1005783150875,3
173971,-3.42321080136687,37.1005783150875,3
173972,-3.42059873016086,37.1005783150875,3
173973,-3.41798665895486,37.1005783150875,3
173974,-3.41537458774885,37.1005783150875,3
174642,-3.44401266238396,37.0984949849763,3
174643,-3.44140066300663,37.0984949849763,3
174644,-3.4387886636293,37.0984949849763,3
174645,-3.43617666425198,37.0984949849763,3
174646,-3.43356466487465,37.0984949849763,3
174647,-3.43095266549732,37.0984949849763,3
174648,-3.42834066612,37.0984949849763,3
174649,-3.42572866674267,37.0984949849763,3
174650,-3.42311666736535,37.0984949849763,3
174651,-3.42050466798802,37.0984949849763,3
174652,-3.41789266861069,37.0984949849763,3
174653,-3.41528066923337,37.0984949849763,3
174654,-3.41266866985604,37.0984949849763,3
175321,-3.44391796351473,37.0964116548651,3
175322,-3.44130603595868,37.0964116548651,3
175323,-3.43869410840263,37.0964116548651,3
175324,-3.43608218084658,37.0964116548651,3
175325,-3.43347025329053,37.0964116548651,3
175326,-3.43085832573448,37.0964116548651,3
175327,-3.42824639817843,37.0964116548651,3
175328,-3.42563447062238,37.0964116548651,3
175329,-3.42302254306633,37.0964116548651,3
175330,-3.42041061551028,37.0964116548651,3
175331,-3.41779868795424,37.0964116548651,3
175332,-3.41518676039819,37.0964116548651,3
175333,-3.41257483284214,37.0964116548651,3
176000,-3.44382327440619,37.0943283247538,3
176001,-3.44121141866401,37.0943283247538,3
176002,-3.43859956292184,37.0943283247538,3
176003,-3.43598770717966,37.0943283247538,3
176004,-3.43337585143749,37.0943283247538,3
176005,-3.43076399569531,37.0943283247538,3
176006,-3.42815213995314,37.0943283247538,3
176007,-3.42554028421096,37.0943283247538,3
176008,-3.42292842846879,37.0943283247538,3
176009,-3.42031657272661,37.0943283247538,3
176010,-3.41770471698444,37.0943283247538,3
176679,-3.44372859505728,37.0922449946426,3
176680,-3.44111681112158,37.0922449946426,3
176681,-3.43850502718587,37.0922449946426,3
176682,-3.43589324325017,37.0922449946426,3
176683,-3.43328145931447,37.0922449946426,3
176686,-3.42544610750736,37.0922449946426,3
176687,-3.42283432357166,37.0922449946426,3
177358,-3.44363392546694,37.0901616645314,3
177359,-3.44102221333031,37.0901616645314,3
177360,-3.43841050119368,37.0901616645314,3
177361,-3.43579878905705,37.0901616645314,3
178038,-3.44092762528917,37.0880783344202,3
178039,-3.43831598494421,37.0880783344202,3
185494,-3.47382886466514,37.065161703197,4
185495,-3.47121801354038,37.065161703197,4
185496,-3.46860716241561,37.065161703197,4
185497,-3.46599631129084,37.065161703197,4
185498,-3.46338546016608,37.065161703197,4
186172,-3.47634424082701,37.0630783730858,4
186173,-3.47373346140518,37.0630783730858,4
186174,-3.47112268198334,37.0630783730858,4
186175,-3.4685119025615,37.0630783730858,4
186176,-3.46590112313967,37.0630783730858,4
186177,-3.46329034371783,37.0630783730858,4
186851,-3.47624877570401,37.0609950429746,4
186852,-3.47363806797771,37.0609950429746,4
186853,-3.47102736025141,37.0609950429746,4
186854,-3.46841665252512,37.0609950429746,4
187529,-3.47876395645797,37.0589117128634,4
187530,-3.47615332041982,37.0589117128634,4
187531,-3.47354268438168,37.0589117128634,4
187532,-3.47093204834353,37.0589117128634,4
188204,-3.48911069676032,37.0568283827522,4
188205,-3.48650013240293,37.0568283827522,4
188206,-3.48388956804555,37.0568283827522,4
188207,-3.48127900368817,37.0568283827522,4
188208,-3.47866843933079,37.0568283827522,4
188209,-3.4760578749734,37.0568283827522,4
188210,-3.47344731061602,37.0568283827522,4
188211,-3.47083674625864,37.0568283827522,4
188883,-3.48901490278372,37.054745052641,4
188884,-3.48640441009971,37.054745052641,4
188885,-3.48379391741571,37.054745052641,4
188886,-3.4811834247317,37.054745052641,4
188887,-3.47857293204769,37.054745052641,4
188888,-3.47596243936368,37.054745052641,4
188889,-3.47335194667968,37.054745052641,4
188890,-3.47074145399567,37.054745052641,4
189562,-3.48891911867969,37.0526617225297,4
189563,-3.48630869766167,37.0526617225297,4
189564,-3.48369827664366,37.0526617225297,4
189565,-3.48108785562564,37.0526617225297,4
189566,-3.47847743460762,37.0526617225297,4
189567,-3.4758670135896,37.0526617225297,4
189568,-3.47325659257158,37.0526617225297,4
190241,-3.48882334444717,37.0505783924186,4
190242,-3.48621299508775,37.0505783924186,4
190243,-3.48360264572834,37.0505783924186,4
190244,-3.48099229636892,37.0505783924186,4
190245,-3.47838194700951,37.0505783924186,4
190246,-3.47577159765009,37.0505783924186,4
190921,-3.48611730237689,37.0484950623073,4
190922,-3.48350702466869,37.0484950623073,4
190923,-3.48089674696049,37.0484950623073,4
192965,-3.46755984382003,37.0422450719737,5
192966,-3.46494978102118,37.0422450719737,5
192967,-3.46233971822233,37.0422450719737,5
192968,-3.45972965542349,37.0422450719737,5
192969,-3.45711959262464,37.0422450719737,5
193642,-3.47268467425684,37.0401617418625,5
193643,-3.47007468307968,37.0401617418625,5
193644,-3.46746469190252,37.0401617418625,5
193645,-3.46485470072536,37.0401617418625,5
193646,-3.4622447095482,37.0401617418625,5
194317,-3.48302906716822,37.0380784117513,5
194318,-3.48041914760536,37.0380784117513,5
194319,-3.4778092280425,37.0380784117513,5
194320,-3.47519930847965,37.0380784117513,5
194321,-3.47258938891679,37.0380784117513,5
194322,-3.46997946935393,37.0380784117513,5
194323,-3.46736954979107,37.0380784117513,5
194324,-3.46475963022822,37.0380784117513,5
194993,-3.49076304908803,37.0359950816401,5
194994,-3.4881532011321,37.0359950816401,5
194995,-3.48554335317616,37.0359950816401,5
194996,-3.48293350522023,37.0359950816401,5
194997,-3.4803236572643,37.0359950816401,5
194998,-3.47771380930836,37.0359950816401,5
194999,-3.47510396135243,37.0359950816401,5
195000,-3.4724941133965,37.0359950816401,5
195001,-3.46988426544056,37.0359950816401,5
195002,-3.46727441748463,37.0359950816401,5
195003,-3.4646645695287,37.0359950816401,5
195004,-3.46205472157276,37.0359950816401,5
195672,-3.49066728218963,37.0339117515289,5
195673,-3.48805750583324,37.0339117515289,5
195674,-3.48544772947685,37.0339117515289,5
195675,-3.48283795312047,37.0339117515289,5
195676,-3.48022817676408,37.0339117515289,5
195677,-3.47761840040769,37.0339117515289,5
195678,-3.4750086240513,37.0339117515289,5
195679,-3.47239884769491,37.0339117515289,5
195680,-3.46978907133852,37.0339117515289,5
196351,-3.49057152516053,37.0318284214177,5
196352,-3.4879618203963,37.0318284214177,5
196353,-3.48535211563208,37.0318284214177,5
196354,-3.48274241086786,37.0318284214177,5
196355,-3.48013270610363,37.0318284214177,5
196356,-3.47752300133941,37.0318284214177,5
196357,-3.47491329657519,37.0318284214177,5
196358,-3.47230359181096,37.0318284214177,5
196359,-3.46969388704674,37.0318284214177,5
196360,-3.46708418228252,37.0318284214177,5
196361,-3.46447447751829,37.0318284214177,5
197030,-3.49047577799965,37.0297450913065,5
197031,-3.48786614482021,37.0297450913065,5
197032,-3.48525651164078,37.0297450913065,5
197033,-3.48264687846134,37.0297450913065,5
197034,-3.48003724528191,37.0297450913065,5
197035,-3.47742761210247,37.0297450913065,5
197036,-3.47481797892304,37.0297450913065,5
197037,-3.4722083457436,37.0297450913065,5
197038,-3.46959871256417,37.0297450913065,5
197039,-3.46698907938473,37.0297450913065,5
197040,-3.4643794462053,37.0297450913065,5
197710,-3.48777047910391,37.0276617611953,5
197711,-3.48516091750189,37.0276617611953,5
197712,-3.48255135589986,37.0276617611953,5
198390,-3.48506533321434,37.0255784310841,5
198391,-3.48245584318235,37.0255784310841,5
199202,-3.13791710235597,37.0234951009729,9
199203,-3.13530768388664,37.0234951009729,9
199880,-3.14044040153476,37.0214117708617,9
199881,-3.13783105462071,37.0214117708617,9
199882,-3.13522170770666,37.0214117708617,9
200559,-3.140354291119,37.0193284407505,9
200560,-3.13774501575287,37.0193284407505,9
200561,-3.13513574038673,37.0193284407505,9
201237,-3.14287739340269,37.0172451106393,9
201238,-3.14026818957709,37.0172451106393,9
201239,-3.13765898575149,37.0172451106393,9
201240,-3.13504978192589,37.0172451106393,9
201916,-3.14279122920049,37.0151617805281,9
201917,-3.14018209690806,37.0151617805281,9
201918,-3.13757296461562,37.0151617805281,9
201919,-3.13496383232319,37.0151617805281,9
205904,-3.36662290976614,37.0026617998608,7
205905,-3.36401420651792,37.0026617998608,7
205906,-3.36140550326969,37.0026617998608,7
206583,-3.36653066028298,37.0005784697496,7
206584,-3.36392202851633,37.0005784697496,7
206585,-3.36131339674969,37.0005784697496,7
206586,-3.35870476498305,37.0005784697496,7
207263,-3.36382986001345,36.9984951396384,7
207264,-3.36122129972102,36.9984951396384,7
207265,-3.3586127394286,36.9984951396384,7
207266,-3.35600417913617,36.9984951396384,7
207942,-3.36373770100825,36.9964118095272,7
207943,-3.36112921218267,36.9964118095272,7
207944,-3.35852072335709,36.9964118095272,7
207945,-3.35591223453151,36.9964118095272,7
207946,-3.35330374570593,36.9964118095272,7
208623,-3.35842871676751,36.994328479416,7
208624,-3.35582029940141,36.994328479416,7
208625,-3.35321188203532,36.994328479416,7
208647,-3.29582669998126,36.994328479416,8
208648,-3.29321828261516,36.994328479416,8
209326,-3.29573641772348,36.9922451493048,8
209327,-3.29312807180951,36.9922451493048,8
210004,-3.2982544192381,36.9901618191936,8
210005,-3.29564614476888,36.9901618191936,8
210006,-3.29303787029967,36.9901618191936,8
210007,-3.29042959583046,36.9901618191936,8
210008,-3.28782132136124,36.9901618191936,8
210014,-3.27217167454596,36.9901618191936,8
210656,-3.36858556600734,36.9880784890824,7
210657,-3.36597736297553,36.9880784890824,7
210658,-3.36336915994371,36.9880784890824,7
210659,-3.36076095691189,36.9880784890824,7
210683,-3.29816408414827,36.9880784890824,8
210684,-3.29555588111645,36.9880784890824,8
210685,-3.29294767808463,36.9880784890824,8
210686,-3.29033947505282,36.9880784890824,8
210687,-3.287731272021,36.9880784890824,8
210693,-3.27208205383009,36.9880784890824,8
211333,-3.37370957481866,36.9859951589712,7
211334,-3.37110144321688,36.9859951589712,7
211335,-3.36849331161509,36.9859951589712,7
211336,-3.36588518001331,36.9859951589712,7
211337,-3.36327704841153,36.9859951589712,7
211338,-3.36066891680975,36.9859951589712,7
211339,-3.35806078520796,36.9859951589712,7
211362,-3.29807375836697,36.9859951589712,8
211363,-3.29546562676519,36.9859951589712,8
211364,-3.2928574951634,36.9859951589712,8
211365,-3.29024936356162,36.9859951589712,8
211366,-3.28764123195984,36.9859951589712,8
211367,-3.28503310035806,36.9859951589712,8
211371,-3.27460057395093,36.9859951589712,8
211372,-3.27199244234914,36.9859951589712,8
211373,-3.26938431074736,36.9859951589712,8
212011,-3.37622524726642,36.98391182886,7
212012,-3.37361718708731,36.98391182886,7
212013,-3.3710091269082,36.98391182886,7
212014,-3.36840106672909,36.98391182886,7
212015,-3.36579300654999,36.98391182886,7
212016,-3.36318494637088,36.98391182886,7
212017,-3.36057688619177,36.98391182886,7
212018,-3.35796882601266,36.98391182886,7
212041,-3.29798344189319,36.98391182886,8
212042,-3.29537538171408,36.98391182886,8
212043,-3.29276732153497,36.98391182886,8
212044,-3.29015926135587,36.98391182886,8
212045,-3.28755120117676,36.98391182886,8
212046,-3.28494314099765,36.98391182886,8
212050,-3.27451090028122,36.98391182886,8
212051,-3.27190284010211,36.98391182886,8
212052,-3.269294779923,36.98391182886,8
212689,-3.3787407864035,36.9818284987488,7
212690,-3.3761327976397,36.9818284987488,7
212691,-3.37352480887591,36.9818284987488,7
212692,-3.37091682011212,36.9818284987488,7
212693,-3.36830883134833,36.9818284987488,7
212694,-3.36570084258453,36.9818284987488,7
212695,-3.36309285382074,36.9818284987488,7
212696,-3.36048486505695,36.9818284987488,7
212720,-3.29789313472593,36.9818284987488,8
212721,-3.29528514596214,36.9818284987488,8
212722,-3.29267715719834,36.9818284987488,8
212723,-3.29006916843455,36.9818284987488,8
212724,-3.28746117967076,36.9818284987488,8
212725,-3.28485319090697,36.9818284987488,8
212727,-3.27963721337938,36.9818284987488,8
213368,-3.37864827489511,36.9797451686376,7
213369,-3.37604035753927,36.9797451686376,7
213370,-3.37343244018343,36.9797451686376,7
213371,-3.3708245228276,36.9797451686376,7
213372,-3.36821660547176,36.9797451686376,7
213373,-3.36560868811593,36.9797451686376,7
213374,-3.36300077076009,36.9797451686376,7
213375,-3.36039285340425,36.9797451686376,7
213376,-3.35778493604842,36.9797451686376,7
213400,-3.29519491950835,36.9797451686376,8
213401,-3.29258700215251,36.9797451686376,8
213402,-3.28997908479668,36.9797451686376,8
213403,-3.28737116744084,36.9797451686376,8
213404,-3.284763250085,36.9797451686376,8
213406,-3.27954741537333,36.9797451686376,8
213407,-3.2769394980175,36.9797451686376,8
214046,-3.38116361887457,36.9776618385264,7
214047,-3.37855577291933,36.9776618385264,7
214048,-3.37594792696409,36.9776618385264,7
214049,-3.37334008100885,36.9776618385264,7
214050,-3.37073223505362,36.9776618385264,7
214051,-3.36812438909838,36.9776618385264,7
214052,-3.36551654314314,36.9776618385264,7
214053,-3.3629086971879,36.9776618385264,7
214054,-3.36030085123267,36.9776618385264,7
214055,-3.35769300527743,36.9776618385264,7
214080,-3.29249685639648,36.9776618385264,8
214081,-3.28988901044124,36.9776618385264,8
214082,-3.287281164486,36.9776618385264,8
214083,-3.28467331853076,36.9776618385264,8
214085,-3.27945762662029,36.9776618385264,8
214086,-3.27684978066505,36.9776618385264,8
214725,-3.38107105503714,36.9755785084152,7
214726,-3.37846328047514,36.9755785084152,7
214727,-3.37585550591314,36.9755785084152,7
214728,-3.37324773135115,36.9755785084152,7
214729,-3.37063995678915,36.9755785084152,7
214730,-3.36803218222715,36.9755785084152,7
214731,-3.36542440766515,36.9755785084152,7
214732,-3.36281663310316,36.9755785084152,7
214758,-3.29501449449124,36.9755785084152,8
214759,-3.29240671992924,36.9755785084152,8
214760,-3.28979894536724,36.9755785084152,8
215404,-3.38097850073762,36.973495178304,7
215405,-3.37837079756151,36.973495178304,7
215406,-3.37576309438539,36.973495178304,7
215407,-3.37315539120928,36.973495178304,7
215408,-3.37054768803317,36.973495178304,7
215409,-3.36793998485706,36.973495178304,7
215410,-3.36533228168094,36.973495178304,7
215411,-3.36272457850483,36.973495178304,7
215438,-3.2923165927498,36.973495178304,8
215439,-3.28970888957368,36.973495178304,8
215443,-3.27927807686923,36.973495178304,8
215444,-3.27667037369312,36.973495178304,8
215445,-3.27406267051701,36.973495178304,8
216082,-3.38349358777257,36.9714118481928,7
216083,-3.38088595597499,36.9714118481928,7
216084,-3.3782783241774,36.9714118481928,7
216085,-3.37567069237982,36.9714118481928,7
216089,-3.36524016518949,36.9714118481928,7
216090,-3.3626325333919,36.9714118481928,7
216122,-3.27918831586923,36.9714118481928,8
216123,-3.27658068407164,36.9714118481928,8
216124,-3.27397305227406,36.9714118481928,8
216748,-3.41729926671795,36.9693285180815,6
216760,-3.38600854160103,36.9693285180815,7
216761,-3.38340098117462,36.9693285180815,7
216762,-3.38079342074821,36.9693285180815,7
216763,-3.37818586032181,36.9693285180815,7
216764,-3.37557829989539,36.9693285180815,7
216800,-3.28170612454465,36.9693285180815,8
216801,-3.27909856411824,36.9693285180815,8
216802,-3.27649100369183,36.9693285180815,8
216803,-3.27388344326542,36.9693285180815,8
217426,-3.41981323099512,36.9672451879703,6
217427,-3.41720574193253,36.9672451879703,6
217428,-3.41459825286994,36.9672451879703,6
217438,-3.38852336224404,36.9672451879703,7
217439,-3.38591587318145,36.9672451879703,7
217440,-3.38330838411886,36.9672451879703,7
217441,-3.38070089505627,36.9672451879703,7
217442,-3.37809340599368,36.9672451879703,7
217443,-3.37548591693109,36.9672451879703,7
217472,-3.29986873411599,36.9672451879703,8
217473,-3.2972612450534,36.9672451879703,8
217474,-3.29465375599081,36.9672451879703,8
217475,-3.29204626692822,36.9672451879703,8
217476,-3.28943877786563,36.9672451879703,8
217479,-3.28161631067786,36.9672451879703,8
217480,-3.27900882161527,36.9672451879703,8
217481,-3.27640133255268,36.9672451879703,8
217482,-3.27379384349009,36.9672451879703,8
218103,-3.42493447990223,36.9651618578591,6
218104,-3.4223270621961,36.9651618578591,6
218105,-3.41971964448998,36.9651618578591,6
218106,-3.41711222678386,36.9651618578591,6
218107,-3.41450480907773,36.9651618578591,6
218108,-3.41189739137161,36.9651618578591,6
218117,-3.3884306320165,36.9651618578591,7
218118,-3.38582321431038,36.9651618578591,7
218119,-3.38321579660426,36.9651618578591,7
218120,-3.38060837889813,36.9651618578591,7
218121,-3.37800096119201,36.9651618578591,7
218122,-3.37539354348589,36.9651618578591,7
218151,-3.29977843000831,36.9651618578591,8
218152,-3.29717101230219,36.9651618578591,8
218153,-3.29456359459607,36.9651618578591,8
218154,-3.29195617688994,36.9651618578591,8
218155,-3.28934875918382,36.9651618578591,8
218159,-3.27891908835933,36.9651618578591,8
218160,-3.27631167065321,36.9651618578591,8
218781,-3.42744810669893,36.9630785277479,6
218782,-3.42484076034192,36.9630785277479,6
218783,-3.42223341398491,36.9630785277479,6
218784,-3.41962606762791,36.9630785277479,6
218785,-3.4170187212709,36.9630785277479,6
218786,-3.41441137491389,36.9630785277479,6
218787,-3.41180402855688,36.9630785277479,6
218795,-3.39094525770081,36.9630785277479,7
218796,-3.3883379113438,36.9630785277479,7
218797,-3.38573056498679,36.9630785277479,7
218798,-3.38312321862978,36.9630785277479,7
218799,-3.38051587227277,36.9630785277479,7
218800,-3.37790852591576,36.9630785277479,7
218801,-3.37530117955875,36.9630785277479,7
218827,-3.30751017427651,36.9630785277479,8
218828,-3.30490282791951,36.9630785277479,8
218830,-3.29968813520549,36.9630785277479,8
218831,-3.29708078884848,36.9630785277479,8
218832,-3.29447344249147,36.9630785277479,8
218833,-3.29186609613446,36.9630785277479,8
218834,-3.28925874977745,36.9630785277479,8
219459,-3.42996160046884,36.9609951976367,6
219460,-3.4273543254536,36.9609951976367,6
219461,-3.42474705043835,36.9609951976367,6
219462,-3.4221397754231,36.9609951976367,6
219463,-3.41953250040786,36.9609951976367,6
219464,-3.41692522539261,36.9609951976367,6
219465,-3.41431795037736,36.9609951976367,6
219466,-3.41171067536212,36.9609951976367,6
219474,-3.39085247524014,36.9609951976367,7
219475,-3.38824520022489,36.9609951976367,7
219476,-3.38563792520965,36.9609951976367,7
219477,-3.3830306501944,36.9609951976367,7
219478,-3.38042337517915,36.9609951976367,7
219506,-3.30741967475225,36.9609951976367,8
219507,-3.304812399737,36.9609951976367,8
219509,-3.29959784970651,36.9609951976367,8
219510,-3.29699057469126,36.9609951976367,8
219511,-3.29438329967601,36.9609951976367,8
219512,-3.29177602466077,36.9609951976367,8
219513,-3.28916874964552,36.9609951976367,8
220135,-3.43768936859464,36.9589118675255,6
220136,-3.4350821649138,36.9589118675255,6
220137,-3.43247496123297,36.9589118675255,6
220138,-3.42986775755213,36.9589118675255,6
220139,-3.4272605538713,36.9589118675255,6
220140,-3.42465335019046,36.9589118675255,6
220141,-3.42204614650963,36.9589118675255,6
220142,-3.41943894282879,36.9589118675255,6
220143,-3.41683173914796,36.9589118675255,6
220144,-3.41422453546712,36.9589118675255,6
220145,-3.41161733178629,36.9589118675255,6
220153,-3.3907597023396,36.9589118675255,7
220154,-3.38815249865877,36.9589118675255,7
220155,-3.38554529497793,36.9589118675255,7
220156,-3.3829380912971,36.9589118675255,7
220157,-3.38033088761626,36.9589118675255,7
220185,-3.30732918455288,36.9589118675255,8
220186,-3.30472198087204,36.9589118675255,8
220188,-3.29950757351037,36.9589118675255,8
220189,-3.29690036982953,36.9589118675255,8
220190,-3.2942931661487,36.9589118675255,8
220191,-3.29168596246786,36.9589118675255,8
220192,-3.28907875878703,36.9589118675255,8
220813,-3.44020245371986,36.9568285374143,6
220814,-3.43759532136609,36.9568285374143,6
220815,-3.43498818901232,36.9568285374143,6
220816,-3.43238105665854,36.9568285374143,6
220817,-3.42977392430477,36.9568285374143,6
220818,-3.427166791951,36.9568285374143,6
220819,-3.42455965959722,36.9568285374143,6
220820,-3.42195252724345,36.9568285374143,6
220821,-3.41934539488967,36.9568285374143,6
220822,-3.4167382625359,36.9568285374143,6
220823,-3.41413113018213,36.9568285374143,6
220824,-3.41152399782835,36.9568285374143,6
220834,-3.38545267429061,36.9568285374143,7
220835,-3.38284554193684,36.9568285374143,7
220836,-3.38023840958306,36.9568285374143,7
220864,-3.30723870367739,36.9568285374143,8
220865,-3.30463157132362,36.9568285374143,8
220867,-3.29941730661607,36.9568285374143,8
220868,-3.2968101742623,36.9568285374143,8
220869,-3.29420304190853,36.9568285374143,8
220870,-3.29159590955475,36.9568285374143,8
220871,-3.28898877720098,36.9568285374143,8
221490,-3.44532246693008,36.9547452073031,6
221491,-3.44271540589602,36.9547452073031,6
221492,-3.44010834486196,36.9547452073031,6
221493,-3.4375012838279,36.9547452073031,6
221494,-3.43489422279384,36.9547452073031,6
221495,-3.43228716175977,36.9547452073031,6
221496,-3.42968010072571,36.9547452073031,6
221497,-3.42707303969165,36.9547452073031,6
221498,-3.42446597865759,36.9547452073031,6
221499,-3.42185891762353,36.9547452073031,6
221500,-3.41925185658946,36.9547452073031,6
221501,-3.4166447955554,36.9547452073031,6
221502,-3.41403773452134,36.9547452073031,6
221503,-3.41143067348728,36.9547452073031,6
221510,-3.39318124624885,36.9547452073031,7
221511,-3.39057418521478,36.9547452073031,7
221514,-3.3827530021126,36.9547452073031,7
221543,-3.3071482321248,36.9547452073031,8
221544,-3.30454117109074,36.9547452073031,8
221545,-3.30193411005668,36.9547452073031,8
221546,-3.29932704902262,36.9547452073031,8
221547,-3.29671998798855,36.9547452073031,8
221548,-3.29411292695449,36.9547452073031,8
221549,-3.29150586592043,36.9547452073031,8
221550,-3.28889880488637,36.9547452073031,8
222169,-3.44522822514411,36.9526618771919,6
222170,-3.44262123542241,36.9526618771919,6
222171,-3.44001424570071,36.9526618771919,6
222172,-3.43740725597901,36.9526618771919,6
222173,-3.43480026625732,36.9526618771919,6
222174,-3.43219327653562,36.9526618771919,6
222175,-3.42958628681392,36.9526618771919,6
222176,-3.42697929709222,36.9526618771919,6
222177,-3.42437230737052,36.9526618771919,6
222178,-3.42176531764882,36.9526618771919,6
222179,-3.41915832792712,36.9526618771919,6
222180,-3.41655133820543,36.9526618771919,6
222181,-3.41394434848373,36.9526618771919,6
222182,-3.41133735876203,36.9526618771919,6
222188,-3.39569542043184,36.9526618771919,7
222189,-3.39308843071014,36.9526618771919,7
222190,-3.39048144098844,36.9526618771919,7
222193,-3.38266047182335,36.9526618771919,7
222194,-3.38005348210165,36.9526618771919,7
222198,-3.36962552321485,36.9526618771919,7
222199,-3.36701853349316,36.9526618771919,7
222222,-3.30705776989409,36.9526618771919,8
222223,-3.30445078017239,36.9526618771919,8
222224,-3.30184379045069,36.9526618771919,8
222225,-3.299236800729,36.9526618771919,8
222226,-3.2966298110073,36.9526618771919,8
222227,-3.2940228212856,36.9526618771919,8
222228,-3.2914158315639,36.9526618771919,8
222229,-3.2888088418422,36.9526618771919,8
222230,-3.2862018521205,36.9526618771919,8
222849,-3.44252707465176,36.9505785470807,6
222850,-3.43992015623508,36.9505785470807,6
222851,-3.4373132378184,36.9505785470807,6
222852,-3.43470631940171,36.9505785470807,6
222853,-3.43209940098503,36.9505785470807,6
222854,-3.42949248256835,36.9505785470807,6
222855,-3.42688556415167,36.9505785470807,6
222856,-3.42427864573498,36.9505785470807,6
222857,-3.4216717273183,36.9505785470807,6
222858,-3.41906480890162,36.9505785470807,6
222859,-3.41645789048494,36.9505785470807,6
222860,-3.41385097206825,36.9505785470807,6
222867,-3.39560254315147,36.9505785470807,7
222868,-3.39299562473479,36.9505785470807,7
222869,-3.39038870631811,36.9505785470807,7
222870,-3.38778178790143,36.9505785470807,7
222872,-3.38256795106806,36.9505785470807,7
222873,-3.37996103265138,36.9505785470807,7
222876,-3.37214027740133,36.9505785470807,7
222877,-3.36953335898465,36.9505785470807,7
222878,-3.36692644056796,36.9505785470807,7
222908,-3.28871888806748,36.9505785470807,8
222909,-3.2861119696508,36.9505785470807,8
223528,-3.44243292358303,36.9484952169695,6
223529,-3.43982607646402,36.9484952169695,6
223530,-3.437219229345,36.9484952169695,6
223531,-3.43461238222599,36.9484952169695,6
223532,-3.43200553510697,36.9484952169695,6
223533,-3.42939868798796,36.9484952169695,6
223534,-3.42679184086895,36.9484952169695,6
223535,-3.42418499374993,36.9484952169695,6
223536,-3.42157814663092,36.9484952169695,6
223537,-3.41897129951191,36.9484952169695,6
223538,-3.41636445239289,36.9484952169695,6
223539,-3.41375760527388,36.9484952169695,6
223545,-3.39811652255979,36.9484952169695,7
223546,-3.39550967544078,36.9484952169695,7
223547,-3.39290282832176,36.9484952169695,7
223548,-3.39029598120275,36.9484952169695,7
223549,-3.38768913408374,36.9484952169695,7
223551,-3.38247543984571,36.9484952169695,7
223552,-3.37986859272669,36.9484952169695,7
223556,-3.36944120425064,36.9484952169695,7
224208,-3.43973200638648,36.9464118868583,6
224209,-3.43712523055779,36.9464118868583,6
224210,-3.4345184547291,36.9464118868583,6
224211,-3.4319116789004,36.9464118868583,6
224212,-3.42930490307171,36.9464118868583,6
224213,-3.42669812724302,36.9464118868583,6
224214,-3.42409135141433,36.9464118868583,6
224215,-3.42148457558564,36.9464118868583,6
224216,-3.41887779975695,36.9464118868583,6
224217,-3.41627102392826,36.9464118868583,6
224223,-3.40063036895611,36.9464118868583,7
224224,-3.39802359312742,36.9464118868583,7
224225,-3.39541681729873,36.9464118868583,7
224226,-3.39281004147003,36.9464118868583,7
224227,-3.39020326564134,36.9464118868583,7
224228,-3.38759648981265,36.9464118868583,7
224229,-3.38498971398396,36.9464118868583,7
224230,-3.38238293815527,36.9464118868583,7
224231,-3.37977616232658,36.9464118868583,7
224888,-3.43703124145571,36.9443285567471,6
224889,-3.43442453690999,36.9443285567471,6
224890,-3.43181783236428,36.9443285567471,6
224891,-3.42921112781857,36.9443285567471,6
224892,-3.42660442327285,36.9443285567471,6
224893,-3.42399771872714,36.9443285567471,6
224894,-3.42139101418142,36.9443285567471,6
224895,-3.41878430963571,36.9443285567471,6
224896,-3.41617760508999,36.9443285567471,6
224901,-3.40314408236142,36.9443285567471,7
224902,-3.40053737781571,36.9443285567471,7
224903,-3.39793067326999,36.9443285567471,7
224904,-3.39532396872428,36.9443285567471,7
224905,-3.39271726417857,36.9443285567471,7
224906,-3.39011055963285,36.9443285567471,7
224907,-3.38750385508714,36.9443285567471,7
224908,-3.38489715054142,36.9443285567471,7
225567,-3.43693726203772,36.9422452266359,6
225568,-3.43433062876764,36.9422452266359,6
225569,-3.43172399549756,36.9422452266359,6
225570,-3.42911736222748,36.9422452266359,6
225571,-3.4265107289574,36.9422452266359,6
225572,-3.42390409568731,36.9422452266359,6
225573,-3.42129746241723,36.9422452266359,6
225574,-3.41869082914715,36.9422452266359,6
225575,-3.41608419587707,36.9422452266359,6
225584,-3.39262449644634,36.9422452266359,7
225585,-3.39001786317625,36.9422452266359,7
225586,-3.38741122990617,36.9422452266359,7
225587,-3.38480459663609,36.9422452266359,7
226247,-3.43423673030099,36.9401618965247,6
226248,-3.4316301682992,36.9401618965247,6
226249,-3.42902360629741,36.9401618965247,6
226252,-3.42120392029203,36.9401618965247,6
226253,-3.41859735829024,36.9401618965247,6
226264,-3.38992517627052,36.9401618965247,7
226265,-3.38731861426872,36.9401618965247,7
226266,-3.38471205226693,36.9401618965247,7
226926,-3.43414284150901,36.9380785664135,6
